406,2010,1,17,21,317
408,2010,1,17,23,313
411,2010,1,18,2,303
412,2010,1,18,3,349
413,2010,1,18,4,407
414,2010,1,18,5,361
428,2010,1,18,19,408
429,2010,1,18,20,435
430,2010,1,18,21,403
431,2010,1,18,22,360
432,2010,1,18,23,402
433,2010,1,19,0,358
434,2010,1,19,1,383
435,2010,1,19,2,332
438,2010,1,19,5,302
439,2010,1,19,6,330
440,2010,1,19,7,367
442,2010,1,19,9,331
443,2010,1,19,10,323
444,2010,1,19,11,339
445,2010,1,19,12,301
446,2010,1,19,13,310
447,2010,1,19,14,305
448,2010,1,19,15,313
449,2010,1,19,16,336
450,2010,1,19,17,357
451,2010,1,19,18,485
452,2010,1,19,19,426
453,2010,1,19,20,403
454,2010,1,19,21,374
455,2010,1,19,22,333
456,2010,1,19,23,343
457,2010,1,20,0,364
458,2010,1,20,1,389
459,2010,1,20,2,368
622,2010,1,26,21,340
1057,2010,2,14,0,351
1058,2010,2,14,1,980
1060,2010,2,14,3,599
1307,2010,2,24,10,301
1308,2010,2,24,11,302
1309,2010,2,24,12,311
1310,2010,2,24,13,307
1311,2010,2,24,14,312
1315,2010,2,24,18,353
1316,2010,2,24,19,368
1317,2010,2,24,20,309
1682,2010,3,12,1,314
1877,2010,3,20,4,700
1880,2010,3,20,7,473
1883,2010,3,20,10,381
1884,2010,3,20,11,343
1930,2010,3,22,9,315
1931,2010,3,22,10,784
1932,2010,3,22,11,761
2110,2010,3,29,21,366
2111,2010,3,29,22,317
2590,2010,4,18,21,309
2591,2010,4,18,22,331
2592,2010,4,18,23,351
2593,2010,4,19,0,389
2594,2010,4,19,1,385
2595,2010,4,19,2,382
2596,2010,4,19,3,382
2597,2010,4,19,4,369
2598,2010,4,19,5,343
2599,2010,4,19,6,342
2600,2010,4,19,7,324
2601,2010,4,19,8,307
3575,2010,5,29,22,314
4714,2010,7,16,9,310
4715,2010,7,16,10,304
5058,2010,7,30,17,302
5075,2010,7,31,10,306
5305,2010,8,10,0,336
5306,2010,8,10,1,360
5502,2010,8,18,5,318
5503,2010,8,18,6,326
5504,2010,8,18,7,337
5505,2010,8,18,8,312
5506,2010,8,18,9,311
5510,2010,8,18,13,309
6148,2010,9,14,3,310
6169,2010,9,15,0,321
6170,2010,9,15,1,358
6171,2010,9,15,2,360
6172,2010,9,15,3,411
6173,2010,9,15,4,374
6174,2010,9,15,5,414
6175,2010,9,15,6,349
6177,2010,9,15,8,334
6178,2010,9,15,9,333
6179,2010,9,15,10,455
6180,2010,9,15,11,440
6181,2010,9,15,12,313
6691,2010,10,6,18,320
6692,2010,10,6,19,372
6693,2010,10,6,20,435
6694,2010,10,6,21,503
6695,2010,10,6,22,534
6696,2010,10,6,23,506
6697,2010,10,7,0,505
6698,2010,10,7,1,465
6699,2010,10,7,2,468
6700,2010,10,7,3,449
6701,2010,10,7,4,418
6702,2010,10,7,5,405
6703,2010,10,7,6,374
6704,2010,10,7,7,388
6705,2010,10,7,8,384
6706,2010,10,7,9,384
6707,2010,10,7,10,381
6708,2010,10,7,11,359
6709,2010,10,7,12,369
6710,2010,10,7,13,355
6711,2010,10,7,14,348
6712,2010,10,7,15,344
6713,2010,10,7,16,330
6717,2010,10,7,20,327
6718,2010,10,7,21,365
6719,2010,10,7,22,391
6720,2010,10,7,23,423
6721,2010,10,8,0,429
6722,2010,10,8,1,439
6723,2010,10,8,2,458
6724,2010,10,8,3,436
6725,2010,10,8,4,431
6726,2010,10,8,5,408
6727,2010,10,8,6,387
6728,2010,10,8,7,349
6729,2010,10,8,8,332
6730,2010,10,8,9,348
6731,2010,10,8,10,350
6732,2010,10,8,11,344
6733,2010,10,8,12,369
6734,2010,10,8,13,406
6735,2010,10,8,14,422
6736,2010,10,8,15,310
6741,2010,10,8,20,400
6742,2010,10,8,21,470
6743,2010,10,8,22,459
6744,2010,10,8,23,378
6750,2010,10,9,5,337
6751,2010,10,9,6,329
6752,2010,10,9,7,311
6753,2010,10,9,8,318
6754,2010,10,9,9,335
6755,2010,10,9,10,324
6756,2010,10,9,11,307
6757,2010,10,9,12,323
6758,2010,10,9,13,350
6759,2010,10,9,14,374
6760,2010,10,9,15,396
6761,2010,10,9,16,435
6762,2010,10,9,17,412
6763,2010,10,9,18,449
6764,2010,10,9,19,429
6765,2010,10,9,20,411
6766,2010,10,9,21,430
6767,2010,10,9,22,431
6768,2010,10,9,23,440
6769,2010,10,10,0,434
6770,2010,10,10,1,438
6771,2010,10,10,2,416
6772,2010,10,10,3,417
6773,2010,10,10,4,394
6774,2010,10,10,5,380
6775,2010,10,10,6,376
6776,2010,10,10,7,385
6777,2010,10,10,8,383
6778,2010,10,10,9,397
6779,2010,10,10,10,392
6780,2010,10,10,11,408
6781,2010,10,10,12,428
6782,2010,10,10,13,420
6783,2010,10,10,14,399
6784,2010,10,10,15,391
6785,2010,10,10,16,393
6786,2010,10,10,17,415
6787,2010,10,10,18,395
6788,2010,10,10,19,420
6789,2010,10,10,20,414
6790,2010,10,10,21,394
6791,2010,10,10,22,348
7431,2010,11,6,14,314
7432,2010,11,6,15,307
7433,2010,11,6,16,352
7434,2010,11,6,17,374
7435,2010,11,6,18,366
7436,2010,11,6,19,381
7437,2010,11,6,20,400
7438,2010,11,6,21,419
7439,2010,11,6,22,463
7440,2010,11,6,23,481
7441,2010,11,7,0,466
7442,2010,11,7,1,479
7443,2010,11,7,2,343
7544,2010,11,11,7,302
7695,2010,11,17,14,331
7696,2010,11,17,15,400
7697,2010,11,17,16,472
7698,2010,11,17,17,467
7699,2010,11,17,18,503
7700,2010,11,17,19,503
7701,2010,11,17,20,525
7702,2010,11,17,21,504
7703,2010,11,17,22,502
7704,2010,11,17,23,504
7705,2010,11,18,0,521
7706,2010,11,18,1,446
7707,2010,11,18,2,391
7708,2010,11,18,3,354
7709,2010,11,18,4,350
7710,2010,11,18,5,354
7711,2010,11,18,6,353
7712,2010,11,18,7,362
7713,2010,11,18,8,339
7714,2010,11,18,9,325
7715,2010,11,18,10,336
7716,2010,11,18,11,346
7718,2010,11,18,13,307
7719,2010,11,18,14,304
7720,2010,11,18,15,307
7721,2010,11,18,16,324
7722,2010,11,18,17,361
7723,2010,11,18,18,438
7724,2010,11,18,19,476
7725,2010,11,18,20,503
7726,2010,11,18,21,470
7727,2010,11,18,22,480
7728,2010,11,18,23,482
7729,2010,11,19,0,535
7730,2010,11,19,1,569
7731,2010,11,19,2,562
7732,2010,11,19,3,485
7733,2010,11,19,4,488
7734,2010,11,19,5,470
7735,2010,11,19,6,453
7736,2010,11,19,7,466
7737,2010,11,19,8,466
7738,2010,11,19,9,501
7739,2010,11,19,10,559
7740,2010,11,19,11,557
7741,2010,11,19,12,540
7742,2010,11,19,13,364
7752,2010,11,19,23,371
7753,2010,11,20,0,454
7754,2010,11,20,1,422
7755,2010,11,20,2,389
7756,2010,11,20,3,328
7772,2010,11,20,19,306
7773,2010,11,20,20,353
7774,2010,11,20,21,395
7775,2010,11,20,22,432
7776,2010,11,20,23,438
7777,2010,11,21,0,433
7778,2010,11,21,1,462
7779,2010,11,21,2,439
7780,2010,11,21,3,398
7781,2010,11,21,4,355
7782,2010,11,21,5,316
7965,2010,11,28,20,316
7966,2010,11,28,21,354
7967,2010,11,28,22,360
7968,2010,11,28,23,379
7969,2010,11,29,0,443
7970,2010,11,29,1,418
7971,2010,11,29,2,376
7972,2010,11,29,3,309
8112,2010,12,4,23,309
8113,2010,12,5,0,322
8423,2010,12,17,22,325
8424,2010,12,17,23,379
8425,2010,12,18,0,374
8426,2010,12,18,1,363
8427,2010,12,18,2,319
8443,2010,12,18,18,302
8444,2010,12,18,19,315
8447,2010,12,18,22,308
8448,2010,12,18,23,454
8449,2010,12,19,0,528
8450,2010,12,19,1,485
8451,2010,12,19,2,489
8452,2010,12,19,3,404
8482,2010,12,20,9,311
8483,2010,12,20,10,352
8496,2010,12,20,23,311
8497,2010,12,21,0,410
8498,2010,12,21,1,405
8499,2010,12,21,2,391
8500,2010,12,21,3,397
8501,2010,12,21,4,396
8502,2010,12,21,5,367
8503,2010,12,21,6,346
8504,2010,12,21,7,340
8508,2010,12,21,11,430
8509,2010,12,21,12,441
8510,2010,12,21,13,425
8511,2010,12,21,14,439
8512,2010,12,21,15,427
8513,2010,12,21,16,474
8514,2010,12,21,17,500
8515,2010,12,21,18,548
8516,2010,12,21,19,584
8517,2010,12,21,20,607
8518,2010,12,21,21,611
8519,2010,12,21,22,615
8520,2010,12,21,23,587
8521,2010,12,22,0,570
8522,2010,12,22,1,573
8523,2010,12,22,2,513
8524,2010,12,22,3,397
8525,2010,12,22,4,365
9554,2011,2,3,1,348
9578,2011,2,4,1,378
9861,2011,2,15,20,301
9863,2011,2,15,22,331
9864,2011,2,15,23,328
9865,2011,2,16,0,335
9866,2011,2,16,1,312
9890,2011,2,17,1,327
9891,2011,2,17,2,328
9892,2011,2,17,3,316
9893,2011,2,17,4,315
9911,2011,2,17,22,404
9912,2011,2,17,23,422
9913,2011,2,18,0,411
9914,2011,2,18,1,345
9915,2011,2,18,2,353
9916,2011,2,18,3,399
9917,2011,2,18,4,384
9964,2011,2,20,3,355
9965,2011,2,20,4,342
9973,2011,2,20,12,379
9974,2011,2,20,13,437
9975,2011,2,20,14,477
9976,2011,2,20,15,510
9977,2011,2,20,16,526
9978,2011,2,20,17,492
9979,2011,2,20,18,472
9980,2011,2,20,19,474
9981,2011,2,20,20,482
9982,2011,2,20,21,482
9983,2011,2,20,22,477
9984,2011,2,20,23,480
9985,2011,2,21,0,527
9986,2011,2,21,1,486
9987,2011,2,21,2,493
9988,2011,2,21,3,515
9989,2011,2,21,4,595
9990,2011,2,21,5,563
9991,2011,2,21,6,563
9992,2011,2,21,7,528
9993,2011,2,21,8,515
9994,2011,2,21,9,495
9995,2011,2,21,10,486
9996,2011,2,21,11,508
9997,2011,2,21,12,464
9998,2011,2,21,13,430
9999,2011,2,21,14,452
10000,2011,2,21,15,489
10001,2011,2,21,16,477
10002,2011,2,21,17,425
10003,2011,2,21,18,407
10004,2011,2,21,19,498
10005,2011,2,21,20,492
10006,2011,2,21,21,492
10007,2011,2,21,22,476
10008,2011,2,21,23,478
10009,2011,2,22,0,499
10010,2011,2,22,1,489
10011,2011,2,22,2,494
10012,2011,2,22,3,481
10013,2011,2,22,4,445
10014,2011,2,22,5,431
10015,2011,2,22,6,423
10016,2011,2,22,7,457
10017,2011,2,22,8,434
10018,2011,2,22,9,391
10019,2011,2,22,10,347
10021,2011,2,22,12,343
10022,2011,2,22,13,322
10023,2011,2,22,14,360
10024,2011,2,22,15,376
10025,2011,2,22,16,369
10026,2011,2,22,17,354
10027,2011,2,22,18,335
10028,2011,2,22,19,394
10029,2011,2,22,20,397
10030,2011,2,22,21,395
10031,2011,2,22,22,401
10032,2011,2,22,23,406
10033,2011,2,23,0,399
10034,2011,2,23,1,373
10035,2011,2,23,2,396
10036,2011,2,23,3,461
10037,2011,2,23,4,455
10038,2011,2,23,5,415
10039,2011,2,23,6,406
10040,2011,2,23,7,421
10041,2011,2,23,8,420
10042,2011,2,23,9,393
10043,2011,2,23,10,389
10044,2011,2,23,11,401
10045,2011,2,23,12,403
10046,2011,2,23,13,406
10047,2011,2,23,14,469
10048,2011,2,23,15,409
10049,2011,2,23,16,397
10050,2011,2,23,17,387
10051,2011,2,23,18,396
10052,2011,2,23,19,436
10053,2011,2,23,20,470
10054,2011,2,23,21,451
10055,2011,2,23,22,436
10056,2011,2,23,23,411
10057,2011,2,24,0,418
10058,2011,2,24,1,424
10059,2011,2,24,2,413
10060,2011,2,24,3,404
10061,2011,2,24,4,397
10461,2011,3,12,20,367
10462,2011,3,12,21,416
10463,2011,3,12,22,415
10464,2011,3,12,23,360
10465,2011,3,13,0,379
10466,2011,3,13,1,377
10467,2011,3,13,2,400
10468,2011,3,13,3,368
10469,2011,3,13,4,351
10470,2011,3,13,5,339
10471,2011,3,13,6,320
10472,2011,3,13,7,339
10473,2011,3,13,8,332
10474,2011,3,13,9,318
10919,2011,3,31,22,328
12902,2011,6,22,13,337
12903,2011,6,22,14,402
12904,2011,6,22,15,432
12905,2011,6,22,16,442
12906,2011,6,22,17,459
12907,2011,6,22,18,445
12908,2011,6,22,19,352
12909,2011,6,22,20,399
13635,2011,7,23,2,321
13639,2011,7,23,6,307
13640,2011,7,23,7,335
13641,2011,7,23,8,330
13642,2011,7,23,9,334
13643,2011,7,23,10,334
13644,2011,7,23,11,336
13645,2011,7,23,12,302
13646,2011,7,23,13,308
13657,2011,7,24,0,361
13658,2011,7,24,1,325
13659,2011,7,24,2,330
13660,2011,7,24,3,354
13661,2011,7,24,4,321
13662,2011,7,24,5,383
13663,2011,7,24,6,355
13664,2011,7,24,7,354
13665,2011,7,24,8,375
13666,2011,7,24,9,390
13667,2011,7,24,10,376
13668,2011,7,24,11,356
13669,2011,7,24,12,375
13670,2011,7,24,13,337
13671,2011,7,24,14,310
13778,2011,7,29,1,311
13779,2011,7,29,2,306
13780,2011,7,29,3,307
13781,2011,7,29,4,313
14589,2011,8,31,20,316
14590,2011,8,31,21,309
14592,2011,8,31,23,341
15191,2011,9,25,22,316
15192,2011,9,25,23,301
15194,2011,9,26,1,307
15198,2011,9,26,5,316
15204,2011,9,26,11,309
15254,2011,9,28,13,302
15258,2011,9,28,17,326
15259,2011,9,28,18,338
15260,2011,9,28,19,349
15261,2011,9,28,20,346
15262,2011,9,28,21,373
15263,2011,9,28,22,386
15264,2011,9,28,23,350
15265,2011,9,29,0,339
15266,2011,9,29,1,328
15501,2011,10,8,20,325
15502,2011,10,8,21,324
15503,2011,10,8,22,329
15504,2011,10,8,23,347
15505,2011,10,9,0,351
15506,2011,10,9,1,354
15507,2011,10,9,2,314
15508,2011,10,9,3,349
15509,2011,10,9,4,341
15510,2011,10,9,5,324
15514,2011,10,9,9,312
15515,2011,10,9,10,360
15516,2011,10,9,11,404
15517,2011,10,9,12,378
15518,2011,10,9,13,318
15521,2011,10,9,16,303
15522,2011,10,9,17,335
15523,2011,10,9,18,340
15524,2011,10,9,19,435
15525,2011,10,9,20,562
15526,2011,10,9,21,514
15527,2011,10,9,22,485
15528,2011,10,9,23,453
15590,2011,10,12,13,307
15591,2011,10,12,14,313
15767,2011,10,19,22,315
15780,2011,10,20,11,339
15781,2011,10,20,12,332
15782,2011,10,20,13,304
15786,2011,10,20,17,302
15791,2011,10,20,22,308
15792,2011,10,20,23,302
15815,2011,10,21,22,306
15816,2011,10,21,23,313
15817,2011,10,22,0,318
15818,2011,10,22,1,311
15831,2011,10,22,14,318
15832,2011,10,22,15,347
15833,2011,10,22,16,370
15834,2011,10,22,17,401
15835,2011,10,22,18,416
15836,2011,10,22,19,399
15837,2011,10,22,20,389
15838,2011,10,22,21,408
15839,2011,10,22,22,395
15840,2011,10,22,23,402
15841,2011,10,23,0,430
15842,2011,10,23,1,414
15843,2011,10,23,2,418
15844,2011,10,23,3,408
15845,2011,10,23,4,414
15846,2011,10,23,5,418
15847,2011,10,23,6,409
15848,2011,10,23,7,420
15849,2011,10,23,8,407
15850,2011,10,23,9,390
15984,2011,10,28,23,301
15985,2011,10,29,0,336
15986,2011,10,29,1,342
15987,2011,10,29,2,316
15998,2011,10,29,13,302
16008,2011,10,29,23,332
16009,2011,10,30,0,350
16010,2011,10,30,1,329
16011,2011,10,30,2,306
16012,2011,10,30,3,302
16020,2011,10,30,11,354
16021,2011,10,30,12,387
16022,2011,10,30,13,420
16023,2011,10,30,14,460
16070,2011,11,1,13,312
16071,2011,11,1,14,343
16072,2011,11,1,15,339
16393,2011,11,15,0,314
16394,2011,11,15,1,333
16433,2011,11,16,16,306
16434,2011,11,16,17,342
16435,2011,11,16,18,358
16436,2011,11,16,19,380
16437,2011,11,16,20,336
16561,2011,11,22,0,380
16562,2011,11,22,1,358
16563,2011,11,22,2,364
16564,2011,11,22,3,363
16565,2011,11,22,4,322
16566,2011,11,22,5,315
16631,2011,11,24,22,323
16632,2011,11,24,23,333
16633,2011,11,25,0,305
16655,2011,11,25,22,332
16656,2011,11,25,23,343
16657,2011,11,26,0,337
16658,2011,11,26,1,311
16679,2011,11,26,22,305
16680,2011,11,26,23,322
16681,2011,11,27,0,330
16682,2011,11,27,1,326
16683,2011,11,27,2,306
16685,2011,11,27,4,302
16701,2011,11,27,20,313
16702,2011,11,27,21,350
16703,2011,11,27,22,404
16704,2011,11,27,23,391
16705,2011,11,28,0,362
16794,2011,12,1,17,301
16803,2011,12,2,2,303
16808,2011,12,2,7,306
16809,2011,12,2,8,309
16810,2011,12,2,9,301
16819,2011,12,2,18,307
16820,2011,12,2,19,365
16821,2011,12,2,20,431
16822,2011,12,2,21,494
16823,2011,12,2,22,490
16824,2011,12,2,23,473
16825,2011,12,3,0,473
16826,2011,12,3,1,477
16827,2011,12,3,2,301
16865,2011,12,4,16,406
16866,2011,12,4,17,472
16867,2011,12,4,18,498
16868,2011,12,4,19,522
16869,2011,12,4,20,469
16870,2011,12,4,21,412
16871,2011,12,4,22,372
16872,2011,12,4,23,355
16873,2011,12,5,0,365
16874,2011,12,5,1,392
16875,2011,12,5,2,324
16876,2011,12,5,3,386
16877,2011,12,5,4,397
16878,2011,12,5,5,416
16879,2011,12,5,6,395
16880,2011,12,5,7,370
16889,2011,12,5,16,306
16891,2011,12,5,18,332
16892,2011,12,5,19,335
16893,2011,12,5,20,324
16894,2011,12,5,21,318
16895,2011,12,5,22,304
16919,2011,12,6,22,456
16920,2011,12,6,23,420
16921,2011,12,7,0,340
16922,2011,12,7,1,306
17085,2011,12,13,20,304
17086,2011,12,13,21,320
17398,2011,12,26,21,307
17399,2011,12,26,22,302
17400,2011,12,26,23,316
17401,2011,12,27,0,327
17423,2011,12,27,22,324
17424,2011,12,27,23,356
17425,2011,12,28,0,333
17443,2011,12,28,18,316
17444,2011,12,28,19,437
17522,2012,1,1,1,303
17734,2012,1,9,21,314
17735,2012,1,9,22,350
17736,2012,1,9,23,335
17737,2012,1,10,0,366
17738,2012,1,10,1,358
17739,2012,1,10,2,388
17740,2012,1,10,3,433
17741,2012,1,10,4,524
17742,2012,1,10,5,534
17743,2012,1,10,6,501
17744,2012,1,10,7,513
17745,2012,1,10,8,491
17746,2012,1,10,9,502
17747,2012,1,10,10,484
17748,2012,1,10,11,494
17919,2012,1,17,14,301
17921,2012,1,17,16,304
17922,2012,1,17,17,309
17923,2012,1,17,18,308
17924,2012,1,17,19,338
17925,2012,1,17,20,416
17926,2012,1,17,21,398
17927,2012,1,17,22,385
17928,2012,1,17,23,348
17929,2012,1,18,0,332
17930,2012,1,18,1,339
17931,2012,1,18,2,344
17932,2012,1,18,3,353
17933,2012,1,18,4,385
17934,2012,1,18,5,394
17935,2012,1,18,6,401
17936,2012,1,18,7,393
17937,2012,1,18,8,381
17938,2012,1,18,9,384
17939,2012,1,18,10,372
17940,2012,1,18,11,370
17941,2012,1,18,12,345
17942,2012,1,18,13,359
17943,2012,1,18,14,382
17944,2012,1,18,15,412
17945,2012,1,18,16,440
17946,2012,1,18,17,436
17947,2012,1,18,18,450
17948,2012,1,18,19,456
17949,2012,1,18,20,469
17950,2012,1,18,21,450
17951,2012,1,18,22,458
17952,2012,1,18,23,446
17953,2012,1,19,0,437
17954,2012,1,19,1,460
17955,2012,1,19,2,503
17956,2012,1,19,3,558
17957,2012,1,19,4,486
17958,2012,1,19,5,441
17959,2012,1,19,6,388
17960,2012,1,19,7,351
17961,2012,1,19,8,348
17962,2012,1,19,9,390
17963,2012,1,19,10,405
17964,2012,1,19,11,380
17965,2012,1,19,12,373
17966,2012,1,19,13,379
17967,2012,1,19,14,387
17968,2012,1,19,15,378
17969,2012,1,19,16,399
17970,2012,1,19,17,414
17971,2012,1,19,18,419
17972,2012,1,19,19,436
17973,2012,1,19,20,436
17974,2012,1,19,21,459
17975,2012,1,19,22,494
17976,2012,1,19,23,522
17977,2012,1,20,0,479
17978,2012,1,20,1,315
18050,2012,1,23,1,994
18051,2012,1,23,2,972
18052,2012,1,23,3,430
18575,2012,2,13,22,332
18576,2012,2,13,23,352
18577,2012,2,14,0,376
18578,2012,2,14,1,380
18579,2012,2,14,2,327
18580,2012,2,14,3,306
18924,2012,2,28,11,308
18959,2012,2,29,22,318
18960,2012,2,29,23,324
18961,2012,3,1,0,322
18973,2012,3,1,12,326
18974,2012,3,1,13,347
18975,2012,3,1,14,314
19333,2012,3,16,12,328
19334,2012,3,16,13,335
19335,2012,3,16,14,345
19336,2012,3,16,15,360
19337,2012,3,16,16,320
19339,2012,3,16,18,315
19340,2012,3,16,19,318
19341,2012,3,16,20,346
19342,2012,3,16,21,334
19343,2012,3,16,22,302
19344,2012,3,16,23,310
19453,2012,3,21,12,308
19454,2012,3,21,13,327
19455,2012,3,21,14,336
19458,2012,3,21,17,338
19459,2012,3,21,18,338
19460,2012,3,21,19,347
19461,2012,3,21,20,355
19462,2012,3,21,21,356
19463,2012,3,21,22,393
19464,2012,3,21,23,398
19465,2012,3,22,0,407
19466,2012,3,22,1,378
19469,2012,3,22,4,354
19471,2012,3,22,6,306
19472,2012,3,22,7,306
20253,2012,4,23,20,303
20255,2012,4,23,22,307
20410,2012,4,30,9,312
20647,2012,5,10,6,312
21599,2012,6,18,22,305
21628,2012,6,20,3,338
21643,2012,6,20,18,306
22382,2012,7,21,13,318
23335,2012,8,30,6,301
23336,2012,8,30,7,302
24284,2012,10,8,19,308
24285,2012,10,8,20,338
24286,2012,10,8,21,343
24287,2012,10,8,22,347
24288,2012,10,8,23,398
24289,2012,10,9,0,446
24290,2012,10,9,1,436
24291,2012,10,9,2,407
24292,2012,10,9,3,390
24293,2012,10,9,4,331
24550,2012,10,19,21,303
24551,2012,10,19,22,334
24553,2012,10,20,0,324
24554,2012,10,20,1,308
24572,2012,10,20,19,341
24573,2012,10,20,20,311
24691,2012,10,25,18,331
24692,2012,10,25,19,338
24693,2012,10,25,20,338
24694,2012,10,25,21,367
24695,2012,10,25,22,301
24714,2012,10,26,17,308
24715,2012,10,26,18,317
24716,2012,10,26,19,329
24717,2012,10,26,20,313
24718,2012,10,26,21,307
24719,2012,10,26,22,309
24721,2012,10,27,0,304
25325,2012,11,21,4,334
25326,2012,11,21,5,370
25327,2012,11,21,6,331
25329,2012,11,21,8,305
25342,2012,11,21,21,308
25343,2012,11,21,22,338
25344,2012,11,21,23,350
25345,2012,11,22,0,404
25346,2012,11,22,1,410
25347,2012,11,22,2,418
25348,2012,11,22,3,431
25349,2012,11,22,4,359
25350,2012,11,22,5,318
25351,2012,11,22,6,335
25416,2012,11,24,23,315
25417,2012,11,25,0,326
25418,2012,11,25,1,358
25419,2012,11,25,2,445
25420,2012,11,25,3,413
25421,2012,11,25,4,345
25422,2012,11,25,5,329
25600,2012,12,2,15,305
25601,2012,12,2,16,332
25602,2012,12,2,17,316
25608,2012,12,2,23,313
25609,2012,12,3,0,322
25610,2012,12,3,1,318
25611,2012,12,3,2,327
25612,2012,12,3,3,315
25908,2012,12,15,11,324
25910,2012,12,15,13,305
25911,2012,12,15,14,322
25916,2012,12,15,19,323
25917,2012,12,15,20,348
25918,2012,12,15,21,343
25919,2012,12,15,22,309
25921,2012,12,16,0,335
26034,2012,12,20,17,308
26040,2012,12,20,23,314
26041,2012,12,21,0,315
26042,2012,12,21,1,380
26043,2012,12,21,2,355
26044,2012,12,21,3,323
26045,2012,12,21,4,303
26445,2013,1,6,20,335
26446,2013,1,6,21,392
26447,2013,1,6,22,413
26448,2013,1,6,23,339
26473,2013,1,8,0,333
26474,2013,1,8,1,357
26475,2013,1,8,2,390
26476,2013,1,8,3,326
26477,2013,1,8,4,402
26478,2013,1,8,5,365
26521,2013,1,10,0,305
26522,2013,1,10,1,304
26523,2013,1,10,2,303
26538,2013,1,10,17,395
26539,2013,1,10,18,449
26540,2013,1,10,19,389
26541,2013,1,10,20,421
26542,2013,1,10,21,486
26543,2013,1,10,22,486
26544,2013,1,10,23,488
26545,2013,1,11,0,434
26546,2013,1,11,1,425
26547,2013,1,11,2,418
26548,2013,1,11,3,416
26549,2013,1,11,4,402
26550,2013,1,11,5,429
26551,2013,1,11,6,408
26552,2013,1,11,7,456
26553,2013,1,11,8,434
26554,2013,1,11,9,391
26555,2013,1,11,10,377
26556,2013,1,11,11,377
26557,2013,1,11,12,361
26558,2013,1,11,13,343
26559,2013,1,11,14,356
26560,2013,1,11,15,353
26561,2013,1,11,16,340
26565,2013,1,11,20,325
26567,2013,1,11,22,371
26568,2013,1,11,23,369
26569,2013,1,12,0,374
26570,2013,1,12,1,391
26571,2013,1,12,2,442
26572,2013,1,12,3,425
26573,2013,1,12,4,442
26579,2013,1,12,10,319
26580,2013,1,12,11,383
26581,2013,1,12,12,472
26582,2013,1,12,13,458
26583,2013,1,12,14,529
26584,2013,1,12,15,802
26585,2013,1,12,16,845
26586,2013,1,12,17,810
26587,2013,1,12,18,776
26588,2013,1,12,19,824
26589,2013,1,12,20,886
26590,2013,1,12,21,852
26591,2013,1,12,22,858
26592,2013,1,12,23,805
26593,2013,1,13,0,744
26594,2013,1,13,1,731
26595,2013,1,13,2,722
26596,2013,1,13,3,684
26597,2013,1,13,4,651
26598,2013,1,13,5,673
26599,2013,1,13,6,584
26600,2013,1,13,7,475
26601,2013,1,13,8,341
26606,2013,1,13,13,419
26608,2013,1,13,15,323
26609,2013,1,13,16,326
26610,2013,1,13,17,325
26611,2013,1,13,18,334
26612,2013,1,13,19,343
26613,2013,1,13,20,333
26614,2013,1,13,21,311
26615,2013,1,13,22,304
26616,2013,1,13,23,301
26617,2013,1,14,0,309
26619,2013,1,14,2,362
26620,2013,1,14,3,523
26621,2013,1,14,4,468
26622,2013,1,14,5,447
26623,2013,1,14,6,328
26624,2013,1,14,7,308
26625,2013,1,14,8,358
26629,2013,1,14,12,335
26630,2013,1,14,13,345
26631,2013,1,14,14,307
26729,2013,1,18,16,450
26730,2013,1,18,17,372
26731,2013,1,18,18,358
26732,2013,1,18,19,448
26733,2013,1,18,20,485
26734,2013,1,18,21,557
26735,2013,1,18,22,573
26736,2013,1,18,23,603
26737,2013,1,19,0,412
26739,2013,1,19,2,312
26747,2013,1,19,10,371
26748,2013,1,19,11,353
26824,2013,1,22,15,326
26825,2013,1,22,16,382
26826,2013,1,22,17,352
26827,2013,1,22,18,366
26828,2013,1,22,19,396
26829,2013,1,22,20,398
26830,2013,1,22,21,374
26831,2013,1,22,22,412
26832,2013,1,22,23,437
26833,2013,1,23,0,453
26834,2013,1,23,1,439
26835,2013,1,23,2,439
26836,2013,1,23,3,437
26837,2013,1,23,4,411
26838,2013,1,23,5,424
26839,2013,1,23,6,417
26840,2013,1,23,7,422
26841,2013,1,23,8,394
26842,2013,1,23,9,388
26843,2013,1,23,10,401
26844,2013,1,23,11,402
26845,2013,1,23,12,396
26846,2013,1,23,13,395
26847,2013,1,23,14,392
26848,2013,1,23,15,359
26849,2013,1,23,16,301
26852,2013,1,23,19,321
26853,2013,1,23,20,336
26854,2013,1,23,21,399
26855,2013,1,23,22,378
26856,2013,1,23,23,398
26930,2013,1,27,1,307
26931,2013,1,27,2,347
26932,2013,1,27,3,318
26936,2013,1,27,7,312
26937,2013,1,27,8,310
26939,2013,1,27,10,387
26940,2013,1,27,11,340
26941,2013,1,27,12,306
26942,2013,1,27,13,321
26943,2013,1,27,14,322
26944,2013,1,27,15,313
26945,2013,1,27,16,320
26948,2013,1,27,19,314
26949,2013,1,27,20,317
26950,2013,1,27,21,329
26951,2013,1,27,22,306
26952,2013,1,27,23,318
26953,2013,1,28,0,340
26954,2013,1,28,1,359
26955,2013,1,28,2,362
26956,2013,1,28,3,369
26957,2013,1,28,4,364
26958,2013,1,28,5,364
26959,2013,1,28,6,357
26960,2013,1,28,7,362
26961,2013,1,28,8,369
26962,2013,1,28,9,348
26963,2013,1,28,10,348
26964,2013,1,28,11,357
26965,2013,1,28,12,367
26966,2013,1,28,13,384
26967,2013,1,28,14,394
26968,2013,1,28,15,409
26969,2013,1,28,16,496
26970,2013,1,28,17,490
26971,2013,1,28,18,459
26972,2013,1,28,19,446
26973,2013,1,28,20,444
26974,2013,1,28,21,443
26975,2013,1,28,22,444
26976,2013,1,28,23,510
26977,2013,1,29,0,508
26978,2013,1,29,1,490
26979,2013,1,29,2,472
26980,2013,1,29,3,451
26981,2013,1,29,4,448
26983,2013,1,29,6,526
26984,2013,1,29,7,460
26985,2013,1,29,8,438
26986,2013,1,29,9,425
26987,2013,1,29,10,462
26988,2013,1,29,11,493
26989,2013,1,29,12,484
26990,2013,1,29,13,463
26991,2013,1,29,14,476
26992,2013,1,29,15,445
26993,2013,1,29,16,441
26994,2013,1,29,17,436
26995,2013,1,29,18,411
26996,2013,1,29,19,389
26997,2013,1,29,20,357
26998,2013,1,29,21,345
26999,2013,1,29,22,335
27000,2013,1,29,23,322
27001,2013,1,30,0,316
27002,2013,1,30,1,315
27003,2013,1,30,2,304
27011,2013,1,30,10,302
27025,2013,1,31,0,311
27262,2013,2,9,21,428
27263,2013,2,9,22,512
27266,2013,2,10,1,419
27344,2013,2,13,7,304
27345,2013,2,13,8,307
27346,2013,2,13,9,326
27347,2013,2,13,10,352
27348,2013,2,13,11,341
27349,2013,2,13,12,344
27350,2013,2,13,13,365
27351,2013,2,13,14,348
27352,2013,2,13,15,330
27353,2013,2,13,16,334
27354,2013,2,13,17,320
27356,2013,2,13,19,312
27359,2013,2,13,22,344
27360,2013,2,13,23,384
27361,2013,2,14,0,392
27362,2013,2,14,1,374
27551,2013,2,21,22,316
27552,2013,2,21,23,332
27553,2013,2,22,0,339
27554,2013,2,22,1,322
27555,2013,2,22,2,321
27599,2013,2,23,22,356
27600,2013,2,23,23,364
27601,2013,2,24,0,426
27602,2013,2,24,1,397
27603,2013,2,24,2,417
27604,2013,2,24,3,372
27605,2013,2,24,4,318
27612,2013,2,24,11,319
27613,2013,2,24,12,347
27614,2013,2,24,13,337
27615,2013,2,24,14,320
27616,2013,2,24,15,323
27617,2013,2,24,16,318
27618,2013,2,24,17,313
27619,2013,2,24,18,316
27620,2013,2,24,19,313
27621,2013,2,24,20,404
27622,2013,2,24,21,532
27623,2013,2,24,22,386
27624,2013,2,24,23,383
27670,2013,2,26,21,341
27671,2013,2,26,22,370
27672,2013,2,26,23,382
27673,2013,2,27,0,415
27674,2013,2,27,1,414
27675,2013,2,27,2,415
27676,2013,2,27,3,408
27677,2013,2,27,4,414
27678,2013,2,27,5,403
27679,2013,2,27,6,395
27680,2013,2,27,7,394
27681,2013,2,27,8,330
27697,2013,2,28,0,367
27698,2013,2,28,1,392
27699,2013,2,28,2,400
27700,2013,2,28,3,441
27701,2013,2,28,4,466
27702,2013,2,28,5,485
27703,2013,2,28,6,525
27704,2013,2,28,7,502
27705,2013,2,28,8,449
27706,2013,2,28,9,469
27707,2013,2,28,10,510
27841,2013,3,6,0,302
27869,2013,3,7,4,338
27870,2013,3,7,5,334
27871,2013,3,7,6,344
27872,2013,3,7,7,351
27873,2013,3,7,8,331
27874,2013,3,7,9,327
27875,2013,3,7,10,306
27877,2013,3,7,12,363
27878,2013,3,7,13,306
27886,2013,3,7,21,510
27887,2013,3,7,22,516
27888,2013,3,7,23,469
27889,2013,3,8,0,450
27890,2013,3,8,1,397
27891,2013,3,8,2,365
27892,2013,3,8,3,364
27893,2013,3,8,4,357
27894,2013,3,8,5,357
27895,2013,3,8,6,350
27896,2013,3,8,7,337
27897,2013,3,8,8,323
27898,2013,3,8,9,306
27903,2013,3,8,14,410
28072,2013,3,15,15,302
28076,2013,3,15,19,302
28077,2013,3,15,20,324
28078,2013,3,15,21,315
28079,2013,3,15,22,328
28080,2013,3,15,23,355
28081,2013,3,16,0,405
28082,2013,3,16,1,347
28083,2013,3,16,2,346
28084,2013,3,16,3,342
28085,2013,3,16,4,327
28086,2013,3,16,5,332
28087,2013,3,16,6,328
28089,2013,3,16,8,325
28090,2013,3,16,9,315
28116,2013,3,17,11,316
28117,2013,3,17,12,337
28118,2013,3,17,13,359
28119,2013,3,17,14,394
28120,2013,3,17,15,393
28121,2013,3,17,16,402
28122,2013,3,17,17,400
28123,2013,3,17,18,422
28124,2013,3,17,19,429
28125,2013,3,17,20,480
28126,2013,3,17,21,512
28127,2013,3,17,22,541
28128,2013,3,17,23,522
28129,2013,3,18,0,498
28130,2013,3,18,1,517
29307,2013,5,6,2,314
29308,2013,5,6,3,301
29309,2013,5,6,4,320
29310,2013,5,6,5,315
29311,2013,5,6,6,318
29312,2013,5,6,7,312
30579,2013,6,28,2,339
30580,2013,6,28,3,342
30592,2013,6,28,15,369
30593,2013,6,28,16,428
30594,2013,6,28,17,432
30595,2013,6,28,18,441
30596,2013,6,28,19,466
30597,2013,6,28,20,448
30598,2013,6,28,21,406
32950,2013,10,4,21,357
32951,2013,10,4,22,388
32952,2013,10,4,23,403
32953,2013,10,5,0,393
32954,2013,10,5,1,395
32955,2013,10,5,2,379
32956,2013,10,5,3,346
32957,2013,10,5,4,319
32961,2013,10,5,8,310
32962,2013,10,5,9,322
32963,2013,10,5,10,308
32964,2013,10,5,11,301
32972,2013,10,5,19,316
32973,2013,10,5,20,342
32974,2013,10,5,21,337
32975,2013,10,5,22,308
32976,2013,10,5,23,324
32977,2013,10,6,0,353
32978,2013,10,6,1,365
32979,2013,10,6,2,320
33286,2013,10,18,21,302
33501,2013,10,27,20,310
33502,2013,10,27,21,335
33503,2013,10,27,22,347
33504,2013,10,27,23,385
33505,2013,10,28,0,407
33506,2013,10,28,1,402
33507,2013,10,28,2,348
33508,2013,10,28,3,318
33522,2013,10,28,17,321
33523,2013,10,28,18,327
33524,2013,10,28,19,348
33525,2013,10,28,20,393
33526,2013,10,28,21,386
33527,2013,10,28,22,385
33528,2013,10,28,23,359
33529,2013,10,29,0,367
33603,2013,11,1,2,311
33605,2013,11,1,4,308
33636,2013,11,2,11,323
33637,2013,11,2,12,356
33638,2013,11,2,13,388
33639,2013,11,2,14,329
33640,2013,11,2,15,310
33642,2013,11,2,17,309
33645,2013,11,2,20,331
33646,2013,11,2,21,320
33647,2013,11,2,22,325
33648,2013,11,2,23,316
33649,2013,11,3,0,334
33650,2013,11,3,1,326
33651,2013,11,3,2,314
33719,2013,11,5,22,304
34125,2013,11,22,20,323
34126,2013,11,22,21,347
34127,2013,11,22,22,352
34128,2013,11,22,23,365
34129,2013,11,23,0,383
34130,2013,11,23,1,314
34132,2013,11,23,3,387
34133,2013,11,23,4,394
34155,2013,11,24,2,303
34156,2013,11,24,3,347
34465,2013,12,7,0,330
34466,2013,12,7,1,407
34467,2013,12,7,2,430
34468,2013,12,7,3,415
34469,2013,12,7,4,343
34470,2013,12,7,5,320
34479,2013,12,7,14,366
34480,2013,12,7,15,392
34481,2013,12,7,16,421
34482,2013,12,7,17,450
34483,2013,12,7,18,443
34484,2013,12,7,19,429
34485,2013,12,7,20,439
34486,2013,12,7,21,460
34487,2013,12,7,22,480
34488,2013,12,7,23,424
34489,2013,12,8,0,440
34490,2013,12,8,1,403
34491,2013,12,8,2,403
34492,2013,12,8,3,389
34493,2013,12,8,4,432
34494,2013,12,8,5,432
34495,2013,12,8,6,435
34496,2013,12,8,7,403
34497,2013,12,8,8,379
34498,2013,12,8,9,346
34499,2013,12,8,10,354
34500,2013,12,8,11,343
34682,2013,12,16,1,331
34705,2013,12,17,0,310
34707,2013,12,17,2,302
34843,2013,12,22,18,315
34844,2013,12,22,19,317
34845,2013,12,22,20,325
34846,2013,12,22,21,348
34847,2013,12,22,22,336
34848,2013,12,22,23,334
34849,2013,12,23,0,345
34850,2013,12,23,1,332
34851,2013,12,23,2,337
34852,2013,12,23,3,384
34875,2013,12,24,2,334
34876,2013,12,24,3,417
34877,2013,12,24,4,457
34878,2013,12,24,5,426
34879,2013,12,24,6,377
34880,2013,12,24,7,346
34881,2013,12,24,8,332
34887,2013,12,24,14,313
34888,2013,12,24,15,337
34889,2013,12,24,16,362
34890,2013,12,24,17,333
34891,2013,12,24,18,312
34892,2013,12,24,19,309
34893,2013,12,24,20,332
34895,2013,12,24,22,302
34899,2013,12,25,2,329
34900,2013,12,25,3,326
34901,2013,12,25,4,305
35420,2014,1,15,19,435
35421,2014,1,15,20,489
35422,2014,1,15,21,513
35423,2014,1,15,22,539
35424,2014,1,15,23,567
35425,2014,1,16,0,569
35426,2014,1,16,1,659
35427,2014,1,16,2,648
35428,2014,1,16,3,651
35429,2014,1,16,4,671
35430,2014,1,16,5,623
35431,2014,1,16,6,618
35432,2014,1,16,7,532
35433,2014,1,16,8,477
35434,2014,1,16,9,479
35435,2014,1,16,10,490
35436,2014,1,16,11,476
35437,2014,1,16,12,457
35438,2014,1,16,13,327
35442,2014,1,16,17,310
35443,2014,1,16,18,332
35444,2014,1,16,19,391
35445,2014,1,16,20,437
35446,2014,1,16,21,422
35447,2014,1,16,22,320
35448,2014,1,16,23,346
35449,2014,1,17,0,351
35470,2014,1,17,21,384
35471,2014,1,17,22,381
35593,2014,1,23,0,324
35594,2014,1,23,1,344
35595,2014,1,23,2,356
35596,2014,1,23,3,366
35597,2014,1,23,4,350
35598,2014,1,23,5,321
35604,2014,1,23,11,311
35611,2014,1,23,18,310
35613,2014,1,23,20,301
35614,2014,1,23,21,325
35615,2014,1,23,22,319
35616,2014,1,23,23,335
35617,2014,1,24,0,301
35618,2014,1,24,1,312
35619,2014,1,24,2,316
35786,2014,1,31,1,469
35787,2014,1,31,2,344
36137,2014,2,14,16,307
36138,2014,2,14,17,323
36139,2014,2,14,18,311
36140,2014,2,14,19,327
36141,2014,2,14,20,362
36142,2014,2,14,21,487
36143,2014,2,14,22,436
36144,2014,2,14,23,436
36145,2014,2,15,0,579
36146,2014,2,15,1,649
36147,2014,2,15,2,457
36148,2014,2,15,3,466
36149,2014,2,15,4,408
36150,2014,2,15,5,344
36151,2014,2,15,6,322
36153,2014,2,15,8,319
36158,2014,2,15,13,327
36159,2014,2,15,14,348
36160,2014,2,15,15,418
36161,2014,2,15,16,423
36162,2014,2,15,17,366
36163,2014,2,15,18,338
36164,2014,2,15,19,347
36165,2014,2,15,20,336
36166,2014,2,15,21,351
36167,2014,2,15,22,353
36168,2014,2,15,23,375
36169,2014,2,16,0,382
36170,2014,2,16,1,393
36171,2014,2,16,2,388
36172,2014,2,16,3,376
36173,2014,2,16,4,382
36174,2014,2,16,5,362
36175,2014,2,16,6,345
36176,2014,2,16,7,328
36177,2014,2,16,8,323
36281,2014,2,20,16,327
36282,2014,2,20,17,347
36283,2014,2,20,18,384
36284,2014,2,20,19,392
36285,2014,2,20,20,400
36286,2014,2,20,21,394
36287,2014,2,20,22,448
36288,2014,2,20,23,424
36289,2014,2,21,0,400
36290,2014,2,21,1,398
36291,2014,2,21,2,383
36292,2014,2,21,3,357
36293,2014,2,21,4,367
36294,2014,2,21,5,335
36295,2014,2,21,6,313
36296,2014,2,21,7,328
36297,2014,2,21,8,324
36298,2014,2,21,9,305
36302,2014,2,21,13,334
36303,2014,2,21,14,328
36304,2014,2,21,15,327
36305,2014,2,21,16,326
36306,2014,2,21,17,309
36307,2014,2,21,18,321
36308,2014,2,21,19,340
36309,2014,2,21,20,346
36310,2014,2,21,21,330
36311,2014,2,21,22,340
36312,2014,2,21,23,353
36313,2014,2,22,0,384
36314,2014,2,22,1,383
36315,2014,2,22,2,399
36316,2014,2,22,3,340
36317,2014,2,22,4,327
36320,2014,2,22,7,333
36321,2014,2,22,8,336
36322,2014,2,22,9,350
36323,2014,2,22,10,305
36325,2014,2,22,12,323
36326,2014,2,22,13,377
36327,2014,2,22,14,357
36328,2014,2,22,15,360
36329,2014,2,22,16,350
36330,2014,2,22,17,339
36331,2014,2,22,18,335
36332,2014,2,22,19,341
36333,2014,2,22,20,352
36334,2014,2,22,21,355
36335,2014,2,22,22,327
36336,2014,2,22,23,303
36352,2014,2,23,15,316
36353,2014,2,23,16,336
36354,2014,2,23,17,333
36355,2014,2,23,18,348
36356,2014,2,23,19,360
36357,2014,2,23,20,358
36358,2014,2,23,21,358
36359,2014,2,23,22,357
36360,2014,2,23,23,362
36361,2014,2,24,0,348
36362,2014,2,24,1,323
36363,2014,2,24,2,339
36364,2014,2,24,3,339
36365,2014,2,24,4,339
36366,2014,2,24,5,341
36367,2014,2,24,6,344
36368,2014,2,24,7,335
36369,2014,2,24,8,329
36370,2014,2,24,9,323
36371,2014,2,24,10,350
36372,2014,2,24,11,341
36373,2014,2,24,12,347
36374,2014,2,24,13,356
36375,2014,2,24,14,342
36376,2014,2,24,15,366
36377,2014,2,24,16,358
36378,2014,2,24,17,391
36379,2014,2,24,18,425
36380,2014,2,24,19,387
36381,2014,2,24,20,363
36382,2014,2,24,21,343
36383,2014,2,24,22,353
36384,2014,2,24,23,357
36385,2014,2,25,0,371
36386,2014,2,25,1,394
36387,2014,2,25,2,453
36388,2014,2,25,3,453
36389,2014,2,25,4,485
36390,2014,2,25,5,463
36391,2014,2,25,6,463
36392,2014,2,25,7,418
36393,2014,2,25,8,384
36394,2014,2,25,9,371
36395,2014,2,25,10,369
36396,2014,2,25,11,374
36397,2014,2,25,12,397
36398,2014,2,25,13,397
36399,2014,2,25,14,389
36400,2014,2,25,15,410
36401,2014,2,25,16,436
36402,2014,2,25,17,462
36403,2014,2,25,18,482
36404,2014,2,25,19,501
36405,2014,2,25,20,507
36406,2014,2,25,21,523
36407,2014,2,25,22,545
36408,2014,2,25,23,577
36409,2014,2,26,0,541
36410,2014,2,26,1,532
36411,2014,2,26,2,534
36412,2014,2,26,3,495
36413,2014,2,26,4,483
36414,2014,2,26,5,474
36415,2014,2,26,6,478
36416,2014,2,26,7,496
36417,2014,2,26,8,519
36418,2014,2,26,9,526
36419,2014,2,26,10,512
36420,2014,2,26,11,557
36421,2014,2,26,12,551
36422,2014,2,26,13,562
36423,2014,2,26,14,542
36424,2014,2,26,15,502
36425,2014,2,26,16,525
36426,2014,2,26,17,446
36529,2014,3,3,0,306
36543,2014,3,3,14,322
36544,2014,3,3,15,308
36732,2014,3,11,11,303
37059,2014,3,25,2,326
37060,2014,3,25,3,324
37061,2014,3,25,4,320
37087,2014,3,26,6,311
37089,2014,3,26,8,317
37090,2014,3,26,9,330
37091,2014,3,26,10,346
37092,2014,3,26,11,350
37093,2014,3,26,12,331
37094,2014,3,26,13,327
37095,2014,3,26,14,327
37099,2014,3,26,18,309
37100,2014,3,26,19,336
37101,2014,3,26,20,360
37102,2014,3,26,21,387
37103,2014,3,26,22,399
37104,2014,3,26,23,414
37105,2014,3,27,0,465
37106,2014,3,27,1,436
37107,2014,3,27,2,435
37108,2014,3,27,3,426
37109,2014,3,27,4,413
37110,2014,3,27,5,358
37111,2014,3,27,6,389
37112,2014,3,27,7,349
37113,2014,3,27,8,340
37114,2014,3,27,9,336
37115,2014,3,27,10,369
37116,2014,3,27,11,403
37117,2014,3,27,12,444
37118,2014,3,27,13,306
37437,2014,4,9,20,580
39484,2014,7,4,3,303
41784,2014,10,7,23,326
41785,2014,10,8,0,301
41800,2014,10,8,15,320
41801,2014,10,8,16,364
41802,2014,10,8,17,383
41803,2014,10,8,18,402
41804,2014,10,8,19,396
41805,2014,10,8,20,419
41806,2014,10,8,21,432
41807,2014,10,8,22,432
41808,2014,10,8,23,406
41809,2014,10,9,0,388
41810,2014,10,9,1,368
41811,2014,10,9,2,355
41812,2014,10,9,3,349
41813,2014,10,9,4,353
41814,2014,10,9,5,345
41815,2014,10,9,6,341
41816,2014,10,9,7,337
41817,2014,10,9,8,342
41818,2014,10,9,9,342
41819,2014,10,9,10,334
41820,2014,10,9,11,337
41821,2014,10,9,12,343
41822,2014,10,9,13,350
41823,2014,10,9,14,364
41824,2014,10,9,15,373
41825,2014,10,9,16,385
41826,2014,10,9,17,398
41827,2014,10,9,18,430
41828,2014,10,9,19,442
41829,2014,10,9,20,443
41830,2014,10,9,21,438
41831,2014,10,9,22,420
41832,2014,10,9,23,454
41833,2014,10,10,0,430
41834,2014,10,10,1,396
41835,2014,10,10,2,386
41836,2014,10,10,3,375
41837,2014,10,10,4,344
41838,2014,10,10,5,348
41839,2014,10,10,6,338
41840,2014,10,10,7,319
41841,2014,10,10,8,324
41842,2014,10,10,9,323
41843,2014,10,10,10,331
41844,2014,10,10,11,332
41845,2014,10,10,12,328
41846,2014,10,10,13,310
41852,2014,10,10,19,302
41853,2014,10,10,20,331
41854,2014,10,10,21,330
41855,2014,10,10,22,308
41856,2014,10,10,23,322
41857,2014,10,11,0,328
41858,2014,10,11,1,303
41860,2014,10,11,3,317
41861,2014,10,11,4,314
42046,2014,10,18,21,315
42047,2014,10,18,22,357
42048,2014,10,18,23,382
42049,2014,10,19,0,406
42050,2014,10,19,1,405
42051,2014,10,19,2,389
42052,2014,10,19,3,397
42053,2014,10,19,4,413
42054,2014,10,19,5,373
42055,2014,10,19,6,362
42056,2014,10,19,7,356
42057,2014,10,19,8,344
42058,2014,10,19,9,352
42059,2014,10,19,10,357
42060,2014,10,19,11,353
42184,2014,10,24,15,317
42185,2014,10,24,16,318
42186,2014,10,24,17,323
42187,2014,10,24,18,339
42188,2014,10,24,19,341
42189,2014,10,24,20,346
42190,2014,10,24,21,356
42191,2014,10,24,22,383
42192,2014,10,24,23,363
42193,2014,10,25,0,381
42194,2014,10,25,1,352
42195,2014,10,25,2,319
42196,2014,10,25,3,310
42197,2014,10,25,4,331
42198,2014,10,25,5,332
42199,2014,10,25,6,315
42200,2014,10,25,7,312
42201,2014,10,25,8,310
42202,2014,10,25,9,324
42203,2014,10,25,10,330
42204,2014,10,25,11,324
42205,2014,10,25,12,331
42206,2014,10,25,13,346
42207,2014,10,25,14,352
42208,2014,10,25,15,376
42209,2014,10,25,16,402
42210,2014,10,25,17,423
42211,2014,10,25,18,440
42212,2014,10,25,19,449
42213,2014,10,25,20,472
42214,2014,10,25,21,453
42215,2014,10,25,22,413
42216,2014,10,25,23,396
42217,2014,10,26,0,395
42218,2014,10,26,1,379
42219,2014,10,26,2,341
42220,2014,10,26,3,312
42726,2014,11,16,5,304
42795,2014,11,19,2,333
42796,2014,11,19,3,371
42797,2014,11,19,4,354
42803,2014,11,19,10,320
42805,2014,11,19,12,346
42806,2014,11,19,13,311
42807,2014,11,19,14,372
42808,2014,11,19,15,399
42809,2014,11,19,16,370
42810,2014,11,19,17,327
42811,2014,11,19,18,346
42812,2014,11,19,19,351
42813,2014,11,19,20,362
42814,2014,11,19,21,394
42815,2014,11,19,22,409
42816,2014,11,19,23,384
42817,2014,11,20,0,393
42818,2014,11,20,1,380
42819,2014,11,20,2,330
42820,2014,11,20,3,324
42821,2014,11,20,4,334
42822,2014,11,20,5,334
42823,2014,11,20,6,368
42824,2014,11,20,7,360
42825,2014,11,20,8,324
42827,2014,11,20,10,305
42829,2014,11,20,12,314
42830,2014,11,20,13,315
42831,2014,11,20,14,306
42833,2014,11,20,16,315
42834,2014,11,20,17,332
42835,2014,11,20,18,342
42836,2014,11,20,19,338
42837,2014,11,20,20,375
42959,2014,11,25,22,311
42960,2014,11,25,23,342
42961,2014,11,26,0,323
42977,2014,11,26,16,330
42978,2014,11,26,17,350
42979,2014,11,26,18,350
42980,2014,11,26,19,388
42981,2014,11,26,20,379
42982,2014,11,26,21,436
42983,2014,11,26,22,502
42984,2014,11,26,23,522
42985,2014,11,27,0,470
42986,2014,11,27,1,439
42987,2014,11,27,2,362
43044,2014,11,29,11,325
43045,2014,11,29,12,301
43046,2014,11,29,13,311
43047,2014,11,29,14,369
43048,2014,11,29,15,380
43049,2014,11,29,16,393
43050,2014,11,29,17,344
43051,2014,11,29,18,343
43052,2014,11,29,19,343
43053,2014,11,29,20,323
43054,2014,11,29,21,328
43055,2014,11,29,22,312
43285,2014,12,9,12,339
43286,2014,12,9,13,355
43287,2014,12,9,14,388
43288,2014,12,9,15,390
43289,2014,12,9,16,375
43290,2014,12,9,17,367
43291,2014,12,9,18,352
43292,2014,12,9,19,351
43293,2014,12,9,20,356
43294,2014,12,9,21,367
43295,2014,12,9,22,361
43296,2014,12,9,23,350
43297,2014,12,10,0,311
43298,2014,12,10,1,319
43299,2014,12,10,2,331
43300,2014,12,10,3,303
43301,2014,12,10,4,301
43302,2014,12,10,5,306
43303,2014,12,10,6,311
43304,2014,12,10,7,318
43305,2014,12,10,8,325
43420,2014,12,15,3,305
43421,2014,12,15,4,307
43723,2014,12,27,18,317
43724,2014,12,27,19,328
43725,2014,12,27,20,349
43726,2014,12,27,21,327
43727,2014,12,27,22,348
43728,2014,12,27,23,363
43729,2014,12,28,0,385
43730,2014,12,28,1,393
43731,2014,12,28,2,388
43732,2014,12,28,3,444
43733,2014,12,28,4,334
43751,2014,12,28,22,324
43752,2014,12,28,23,341
43753,2014,12,29,0,362
43754,2014,12,29,1,372
43755,2014,12,29,2,373
43756,2014,12,29,3,372
43757,2014,12,29,4,318
